<?xml version="1.0" encoding="UTF-8"?>
<MF0 version="1.1" packageUris="http://schema.mathworks.com/mf0/ci/19700101 http://schema.mathworks.com/mf0/sl_modelref_info/R2024b http://schema.mathworks.com/mf0/slexec_mm_sto/R2024a_202305081229 http://schema.mathworks.com/mf0/sltp_mm/R2024b_202402211119">
  <ModelRefInfoRepo.ModelRefInfoRoot type="ModelRefInfoRepo.ModelRefInfoRoot" uuid="80d5a893-c943-4c04-bbfc-aee0075f296a">
    <childModelRefInfo type="ModelRefInfoRepo.ChildModelRefInfo" uuid="514d1f2c-f453-4715-8906-4c4e64c1305f">
      <isSingleInstance>true</isSingleInstance>
      <modelName>cart_pend_controller</modelName>
      <modelPath>cart_pend_controller</modelPath>
    </childModelRefInfo>
    <compDerivCacheNeedsReset>false</compDerivCacheNeedsReset>
    <compZcCacheNeedsReset>false</compZcCacheNeedsReset>
    <compiledTFinal>inf</compiledTFinal>
    <dataSourceInfo type="ModelRefInfoRepo.DataSourceInfo" uuid="4f472def-5686-4c16-b0fe-f5e1dfaf36bd">
      <dataSources type="ModelRefInfoRepo.SourceInfo" uuid="f06ff9eb-b91e-4aa5-bdf9-e61e5a6f7d61">
        <includeAllSections>true</includeAllSections>
        <sourceName>base workspace</sourceName>
        <type>BaseWorkspace</type>
      </dataSources>
      <modelName>cart_pend_controller</modelName>
    </dataSourceInfo>
    <dataTransferInfos>AAFJTQAAAAAOAAAAOAAAAAYAAAAIAAAAAgAAAAAAAAAFAAAACAAAAAAAAAABAAAAAQAAAAAAAAAFAAQAAQAAAAEAAAAAAAAA</dataTransferInfos>
    <fastestNoncontSigFeedingDerivPorts>-1.0</fastestNoncontSigFeedingDerivPorts>
    <fundamentalSampleTimePeriod>.001</fundamentalSampleTimePeriod>
    <globalVariables>E_up</globalVariables>
    <globalVariables>Fc</globalVariables>
    <globalVariables>I</globalVariables>
    <globalVariables>L</globalVariables>
    <globalVariables>angle_threshold</globalVariables>
    <globalVariables>g</globalVariables>
    <globalVariables>k_34</globalVariables>
    <globalVariables>k_cw</globalVariables>
    <globalVariables>k_lqr</globalVariables>
    <globalVariables>k_vw</globalVariables>
    <globalVariables>kd</globalVariables>
    <globalVariables>kdr</globalVariables>
    <globalVariables>kt</globalVariables>
    <globalVariables>m</globalVariables>
    <globalVariables>uMax</globalVariables>
    <hasBlockWithPeriodicDiscreteSampleTime>true</hasBlockWithPeriodicDiscreteSampleTime>
    <hasBwsAccessed>true</hasBwsAccessed>
    <hasNonVirtualConstantTs>true</hasNonVirtualConstantTs>
    <inports type="ModelRefInfoRepo.InportInformation" uuid="3f98031f-72e2-4adf-95c7-e7b5223a4fa4">
      <isNotDerivPort>true</isNotDerivPort>
      <designMax>inf</designMax>
      <designMin>-inf</designMin>
      <indexType>2</indexType>
      <rateInfos type="ModelRefInfoRepo.RateInfo">
        <compiled>true</compiled>
        <nonFcnCallPartitionName>D1</nonFcnCallPartitionName>
        <period>.001</period>
        <priority>40</priority>
        <rateIdx>0</rateIdx>
      </rateInfos>
      <resolvedSignalObject></resolvedSignalObject>
      <executionInterface type="ModelRefInfoRepo.InputExecutionInterface" uuid="3b168f59-6aaa-418b-9b1d-0abc0bf10a7d"/>
      <sigNameToEMVCEMap type="ModelRefInfoRepo.SigNameEMVCEInfo" uuid="58c5cc49-563c-4a2a-9400-c2520a96fb47"/>
    </inports>
    <inports type="ModelRefInfoRepo.InportInformation" uuid="7fc7b24f-2657-43c2-85c5-1b029a145911">
      <isNotDerivPort>true</isNotDerivPort>
      <designMax>inf</designMax>
      <designMin>-inf</designMin>
      <indexType>2</indexType>
      <originalPortNumber>1</originalPortNumber>
      <rateInfos type="ModelRefInfoRepo.RateInfo">
        <compiled>true</compiled>
        <nonFcnCallPartitionName>D1</nonFcnCallPartitionName>
        <period>.001</period>
        <priority>40</priority>
        <rateIdx>0</rateIdx>
      </rateInfos>
      <resolvedSignalObject></resolvedSignalObject>
      <executionInterface type="ModelRefInfoRepo.InputExecutionInterface" uuid="d4b21db3-a994-4182-a101-6f73329b48ae"/>
      <sigNameToEMVCEMap type="ModelRefInfoRepo.SigNameEMVCEInfo" uuid="9a28753e-28f6-48fc-aefe-b10caca56175"/>
    </inports>
    <isBdInSimModeForSimCodegenVariants>false</isBdInSimModeForSimCodegenVariants>
    <isNumAllowedInstancesOne>true</isNumAllowedInstancesOne>
    <isOrigInportVirtualBus>false</isOrigInportVirtualBus>
    <isOrigInportVirtualBus>false</isOrigInportVirtualBus>
    <loggingSaveFormat>2</loggingSaveFormat>
    <maxFreqHz>-1.0</maxFreqHz>
    <nonTunableVariables>L</nonTunableVariables>
    <numDataInputPorts>2</numDataInputPorts>
    <numLoggableJacobianDStates>0</numLoggableJacobianDStates>
    <origInportBusType></origInportBusType>
    <origInportBusType></origInportBusType>
    <removeResetFunc>true</removeResetFunc>
    <runtimeNonFcnCallRateInfos type="ModelRefInfoRepo.RateInfo">
      <compiled>true</compiled>
      <nonFcnCallPartitionName>D1</nonFcnCallPartitionName>
      <period>.001</period>
      <priority>40</priority>
      <rateIdx>0</rateIdx>
    </runtimeNonFcnCallRateInfos>
    <sampleTimeInheritanceRule>2</sampleTimeInheritanceRule>
    <solverStatusFlags>323</solverStatusFlags>
    <timingAndTaskingRegistry>&lt;?xml version=&quot;1.0&quot;?&gt;
&lt;slexec_sto version=&quot;1.1&quot; packageUris=&quot;http://schema.mathworks.com/mf0/slexec_mm_sto/R2024a_202305081229&quot;&gt;
  &lt;sto.Registry type=&quot;sto.Registry&quot; uuid=&quot;887d2dc0-5897-4f8d-b9d3-8f6d8b8c7046&quot;&gt;
    &lt;executionSpec&gt;Undetermined&lt;/executionSpec&gt;
    &lt;identifier&gt;cart_pend_controller&lt;/identifier&gt;
    &lt;clockRegistry type=&quot;sto.ClockRegistry&quot; uuid=&quot;3d89c7e7-d826-4878-8f2e-e1c11c008d9e&quot;&gt;
      &lt;clocks type=&quot;sto.Timer&quot; uuid=&quot;d4a2ba7b-ad72-42d8-8019-0c19ac76c7cd&quot;&gt;
        &lt;computedFundamentalDiscretePeriod&gt;.001&lt;/computedFundamentalDiscretePeriod&gt;
        &lt;fastestDiscreteRate type=&quot;sto.ClassicPeriodicDiscreteRate&quot; uuid=&quot;9148fd10-adfe-44d5-b5cc-835fc2b8e8e8&quot;/&gt;
        &lt;isDefaultTimer&gt;true&lt;/isDefaultTimer&gt;
        &lt;resolution&gt;.001&lt;/resolution&gt;
        &lt;timeAdvanceMode&gt;FixedStep&lt;/timeAdvanceMode&gt;
        &lt;identifier&gt;cart_pend_controller::defaultTimer&lt;/identifier&gt;
        &lt;rates type=&quot;sto.ClassicPeriodicDiscreteRate&quot; uuid=&quot;9148fd10-adfe-44d5-b5cc-835fc2b8e8e8&quot;&gt;
          &lt;annotation&gt;D1&lt;/annotation&gt;
          &lt;clockId&gt;cart_pend_controller::defaultTimer&lt;/clockId&gt;
          &lt;description&gt;Discrete 1&lt;/description&gt;
          &lt;taskId&gt;_task0&lt;/taskId&gt;
          &lt;rateSpec type=&quot;sto.RateSpec&quot; uuid=&quot;76346987-8a5d-45d4-bf17-1cfa06c89d05&quot;&gt;
            &lt;period&gt;.001&lt;/period&gt;
            &lt;rateType&gt;ClassicPeriodicDiscrete&lt;/rateType&gt;
          &lt;/rateSpec&gt;
        &lt;/rates&gt;
        &lt;baseRate type=&quot;sto.ClassicPeriodicDiscreteRate&quot; uuid=&quot;b7f97dce-bcfa-4325-a6f4-c405205e294b&quot;&gt;
          &lt;annotation&gt;D1&lt;/annotation&gt;
          &lt;clockId&gt;cart_pend_controller::defaultTimer&lt;/clockId&gt;
          &lt;description&gt;Discrete 1&lt;/description&gt;
          &lt;taskId&gt;_task0&lt;/taskId&gt;
          &lt;rateSpec type=&quot;sto.RateSpec&quot; uuid=&quot;b9ab2178-f75c-4683-972e-03b2833be481&quot;&gt;
            &lt;period&gt;.001&lt;/period&gt;
            &lt;rateType&gt;ClassicPeriodicDiscrete&lt;/rateType&gt;
          &lt;/rateSpec&gt;
        &lt;/baseRate&gt;
      &lt;/clocks&gt;
      &lt;clocks type=&quot;sto.Event&quot; uuid=&quot;22f692f5-2cfa-4198-82de-bd7b70dba8df&quot;&gt;
        &lt;eventType&gt;PARAMETER_CHANGE_EVENT&lt;/eventType&gt;
        &lt;cNum&gt;1&lt;/cNum&gt;
        &lt;clockType&gt;Event&lt;/clockType&gt;
        &lt;identifier&gt;ParameterChangeEvent&lt;/identifier&gt;
        &lt;rates type=&quot;sto.ModelWideEventRate&quot; uuid=&quot;68340be3-84fa-4315-bd62-e0a04668dd0b&quot;&gt;
          &lt;annotation&gt;Inf&lt;/annotation&gt;
          &lt;clockId&gt;ParameterChangeEvent&lt;/clockId&gt;
          &lt;colorIndex&gt;-1&lt;/colorIndex&gt;
          &lt;description&gt;Constant&lt;/description&gt;
          &lt;rateIdx&gt;-1&lt;/rateIdx&gt;
          &lt;taskId&gt;ModelWideParameterChangeEvent&lt;/taskId&gt;
          &lt;useForExecution&gt;NotForExecution&lt;/useForExecution&gt;
          &lt;rateSpec type=&quot;sto.RateSpec&quot; uuid=&quot;69593634-26a9-453e-89f5-1b64614c87a0&quot;&gt;
            &lt;period&gt;inf&lt;/period&gt;
            &lt;rateType&gt;ModelWideParameterChangeEvent&lt;/rateType&gt;
          &lt;/rateSpec&gt;
        &lt;/rates&gt;
      &lt;/clocks&gt;
      &lt;timeAdvanceMode&gt;FixedStep&lt;/timeAdvanceMode&gt;
    &lt;/clockRegistry&gt;
    &lt;taskRegistry type=&quot;sto.TaskRegistry&quot; uuid=&quot;66461793-5993-408b-932d-0a88e4996bec&quot;&gt;
      &lt;rootTaskHierarchyElements type=&quot;sto.Task&quot; uuid=&quot;2d67b6d0-aca7-4a79-8285-28ff4dcd5aec&quot;&gt;
        &lt;isExplicit&gt;true&lt;/isExplicit&gt;
        &lt;rates type=&quot;sto.ModelWideEventRate&quot; uuid=&quot;3fbc5650-2d1b-4a60-8a9d-4d17c162ddde&quot;&gt;
          &lt;annotation&gt;Inf&lt;/annotation&gt;
          &lt;clockId&gt;ParameterChangeEvent&lt;/clockId&gt;
          &lt;colorIndex&gt;-1&lt;/colorIndex&gt;
          &lt;description&gt;Constant&lt;/description&gt;
          &lt;rateIdx&gt;-1&lt;/rateIdx&gt;
          &lt;taskId&gt;ModelWideParameterChangeEvent&lt;/taskId&gt;
          &lt;useForExecution&gt;NotForExecution&lt;/useForExecution&gt;
          &lt;rateSpec type=&quot;sto.RateSpec&quot; uuid=&quot;7aba7cc3-a13b-4601-a584-bc6a79c6f101&quot;&gt;
            &lt;period&gt;inf&lt;/period&gt;
            &lt;rateType&gt;ModelWideParameterChangeEvent&lt;/rateType&gt;
          &lt;/rateSpec&gt;
        &lt;/rates&gt;
        &lt;schedulingClockId&gt;ParameterChangeEvent&lt;/schedulingClockId&gt;
        &lt;timeKeeperClockId&gt;cart_pend_controller::defaultTimer&lt;/timeKeeperClockId&gt;
        &lt;elementType&gt;Task&lt;/elementType&gt;
        &lt;identifier&gt;ModelWideParameterChangeEvent&lt;/identifier&gt;
        &lt;priority&gt;-1&lt;/priority&gt;
      &lt;/rootTaskHierarchyElements&gt;
      &lt;rootTaskHierarchyElements type=&quot;sto.Task&quot; uuid=&quot;d5c7883e-9348-41c5-87b4-013c38c3accd&quot;&gt;
        &lt;isExecutable&gt;true&lt;/isExecutable&gt;
        &lt;orderIndex&gt;1&lt;/orderIndex&gt;
        &lt;rates type=&quot;sto.ClassicPeriodicDiscreteRate&quot; uuid=&quot;d9cc989b-b4c7-444e-b834-1326ee345ad0&quot;&gt;
          &lt;annotation&gt;D1&lt;/annotation&gt;
          &lt;clockId&gt;cart_pend_controller::defaultTimer&lt;/clockId&gt;
          &lt;description&gt;Discrete 1&lt;/description&gt;
          &lt;taskId&gt;_task0&lt;/taskId&gt;
          &lt;rateSpec type=&quot;sto.RateSpec&quot; uuid=&quot;116bac76-0394-400d-a551-146a4bb4b3a5&quot;&gt;
            &lt;period&gt;.001&lt;/period&gt;
            &lt;rateType&gt;ClassicPeriodicDiscrete&lt;/rateType&gt;
          &lt;/rateSpec&gt;
        &lt;/rates&gt;
        &lt;schedulingClockId&gt;cart_pend_controller::defaultTimer&lt;/schedulingClockId&gt;
        &lt;timeKeeperClockId&gt;cart_pend_controller::defaultTimer&lt;/timeKeeperClockId&gt;
        &lt;elementType&gt;Task&lt;/elementType&gt;
        &lt;identifier&gt;_task0&lt;/identifier&gt;
        &lt;priority&gt;40&lt;/priority&gt;
      &lt;/rootTaskHierarchyElements&gt;
      &lt;taskDependencyGraph type=&quot;sto.SerializedTaskConnectionList&quot; uuid=&quot;eb21b4a8-c428-4938-9d27-fabcdaacbc4a&quot;&gt;
        &lt;clockIdentifier&gt;ParameterChangeEvent&lt;/clockIdentifier&gt;
        &lt;taskIdentifier&gt;ModelWideParameterChangeEvent&lt;/taskIdentifier&gt;
      &lt;/taskDependencyGraph&gt;
      &lt;taskDependencyGraph type=&quot;sto.SerializedTaskConnectionList&quot; uuid=&quot;81691770-76fe-4551-a109-29bc41216e4e&quot;&gt;
        &lt;clockIdentifier&gt;cart_pend_controller::defaultTimer&lt;/clockIdentifier&gt;
        &lt;taskIdentifier&gt;_task0&lt;/taskIdentifier&gt;
      &lt;/taskDependencyGraph&gt;
      &lt;taskingMode&gt;ClassicMultiTasking&lt;/taskingMode&gt;
    &lt;/taskRegistry&gt;
  &lt;/sto.Registry&gt;
&lt;/slexec_sto&gt;</timingAndTaskingRegistry>
    <userSpecifiedFixedStepSize>.001</userSpecifiedFixedStepSize>
    <zeroInternalMemoryAtStartupUnchecked>true</zeroInternalMemoryAtStartupUnchecked>
    <FMUBlockMap type="ModelRefInfoRepo.FMUBlockInfo" uuid="72f34428-42e1-461a-ba7c-0dd258462e6c"/>
    <codeGenInfo type="ModelRefInfoRepo.CodeGenInformation" uuid="a5197cb3-b52f-4c9d-a341-4d81af595ced"/>
    <compiledVariantInfos type="ModelRefInfoRepo.CompiledVariantInfoMap" uuid="0a96bf86-f803-47f4-8cf4-0bf54a857dda"/>
    <configSettingsForConsistencyChecks type="ModelRefInfoRepo.ConfigSettingsForConsistencyChecks" uuid="d662dc49-240c-4309-8e4e-b2a38e43d911">
      <consistentOutportInitialization>true</consistentOutportInitialization>
      <fixedStepSize>.001</fixedStepSize>
      <frameDiagnosticSetting>2</frameDiagnosticSetting>
      <hasHybridSampleTime>true</hasHybridSampleTime>
      <optimizedInitCode>true</optimizedInitCode>
      <signalLoggingSaveFormat>2</signalLoggingSaveFormat>
      <simSIMDOptimization>1</simSIMDOptimization>
      <solverName>FixedStepDiscrete</solverName>
      <solverType>SOLVER_TYPE_FIXEDSTEP</solverType>
      <useDivForNetSlopComp>2</useDivForNetSlopComp>
      <hardwareSettings type="ModelRefInfoRepo.HardwareSettings" uuid="a5fd55ee-2863-45bd-a87c-4e0c2e146447">
        <prodBitPerChar>8</prodBitPerChar>
        <prodBitPerDouble>64</prodBitPerDouble>
        <prodBitPerFloat>32</prodBitPerFloat>
        <prodBitPerInt>32</prodBitPerInt>
        <prodBitPerLong>32</prodBitPerLong>
        <prodBitPerLongLong>64</prodBitPerLongLong>
        <prodBitPerPointer>32</prodBitPerPointer>
        <prodBitPerPtrDiffT>32</prodBitPerPtrDiffT>
        <prodBitPerShort>16</prodBitPerShort>
        <prodBitPerSizeT>32</prodBitPerSizeT>
        <prodEndianess>1</prodEndianess>
        <prodLargestAtomicFloat>1</prodLargestAtomicFloat>
        <prodLargestAtomicInteger>3</prodLargestAtomicInteger>
        <prodShiftRight>true</prodShiftRight>
        <prodWordSize>32</prodWordSize>
      </hardwareSettings>
    </configSettingsForConsistencyChecks>
    <controllableInputRatesMap type="ModelRefInfoRepo.VarTsUIDMap" uuid="400d07d6-e443-4afd-be3b-d1eb3b560bb1"/>
    <controllableOutputRatesMap type="ModelRefInfoRepo.VarTsUIDMap" uuid="f14fa73e-1b1b-4a06-b4c3-45426063f20f"/>
    <dataPortGroup type="ModelRefInfoRepo.DataPortGroup" uuid="a3bb713c-234e-4f03-80a6-5d8c66cd0e28">
      <compDataInputPorts>0</compDataInputPorts>
      <compDataInputPorts>1</compDataInputPorts>
      <dataInputPorts>0</dataInputPorts>
      <dataInputPorts>1</dataInputPorts>
    </dataPortGroup>
    <expFcnUnconnectedDataPortGroup type="ModelRefInfoRepo.DataPortGroup" uuid="23750e6e-3076-4ca5-b672-4631d8cb6df8"/>
    <interfaceParameterInfo type="ModelRefInfoRepo.InterfaceParameterInfo" uuid="d58e8205-8b24-4712-908c-52e71c8374a9">
      <globalVariables type="ModelRefInfoRepo.BuiltinParameter" uuid="00106f28-b184-4925-b373-4fe8f2a2fc1a">
        <dimensions>1</dimensions>
        <dimensions>1</dimensions>
        <isUsed>true</isUsed>
        <netSVCE>true</netSVCE>
        <numDimensions>2</numDimensions>
        <parameterName>E_up</parameterName>
      </globalVariables>
      <globalVariables type="ModelRefInfoRepo.BuiltinParameter" uuid="955fe56a-93e2-49df-b7b9-32298a42e3d6">
        <dimensions>1</dimensions>
        <dimensions>1</dimensions>
        <isUsed>true</isUsed>
        <netSVCE>true</netSVCE>
        <numDimensions>2</numDimensions>
        <parameterName>Fc</parameterName>
      </globalVariables>
      <globalVariables type="ModelRefInfoRepo.BuiltinParameter" uuid="7c46a579-d4fd-4b2d-8862-a7732b2bf001">
        <dimensions>1</dimensions>
        <dimensions>1</dimensions>
        <isUsed>true</isUsed>
        <netSVCE>true</netSVCE>
        <numDimensions>2</numDimensions>
        <parameterName>I</parameterName>
      </globalVariables>
      <globalVariables type="ModelRefInfoRepo.BuiltinParameter" uuid="9b2e0186-4d1e-4c6c-914e-3985a8935a6d">
        <dimensions>1</dimensions>
        <dimensions>1</dimensions>
        <isUsed>true</isUsed>
        <netSVCE>true</netSVCE>
        <numDimensions>2</numDimensions>
        <parameterName>L</parameterName>
      </globalVariables>
      <globalVariables type="ModelRefInfoRepo.BuiltinParameter" uuid="4ce23016-d7bc-4515-983a-7a4c048a5893">
        <dimensions>1</dimensions>
        <dimensions>1</dimensions>
        <isUsed>true</isUsed>
        <netSVCE>true</netSVCE>
        <numDimensions>2</numDimensions>
        <parameterName>g</parameterName>
      </globalVariables>
      <globalVariables type="ModelRefInfoRepo.BuiltinParameter" uuid="191d2517-b698-40f0-b4d6-c6dbea7d31f3">
        <dimensions>1</dimensions>
        <dimensions>1</dimensions>
        <isUsed>true</isUsed>
        <netSVCE>true</netSVCE>
        <numDimensions>2</numDimensions>
        <parameterName>k_34</parameterName>
      </globalVariables>
      <globalVariables type="ModelRefInfoRepo.BuiltinParameter" uuid="20a8322d-6851-4399-ae7f-ed5de016e016">
        <dimensions>1</dimensions>
        <dimensions>1</dimensions>
        <isUsed>true</isUsed>
        <netSVCE>true</netSVCE>
        <numDimensions>2</numDimensions>
        <parameterName>k_cw</parameterName>
      </globalVariables>
      <globalVariables type="ModelRefInfoRepo.BuiltinParameter" uuid="540e3dc1-3660-49de-b2a3-073fb63fdd07">
        <dimensions>1</dimensions>
        <dimensions>4</dimensions>
        <isUsed>true</isUsed>
        <netSVCE>true</netSVCE>
        <numDimensions>2</numDimensions>
        <parameterName>k_lqr</parameterName>
      </globalVariables>
      <globalVariables type="ModelRefInfoRepo.BuiltinParameter" uuid="cd93533b-e3aa-482e-9004-aed088b4bf36">
        <dimensions>1</dimensions>
        <dimensions>1</dimensions>
        <isUsed>true</isUsed>
        <netSVCE>true</netSVCE>
        <numDimensions>2</numDimensions>
        <parameterName>k_vw</parameterName>
      </globalVariables>
      <globalVariables type="ModelRefInfoRepo.BuiltinParameter" uuid="8da842bd-df20-4392-8244-f5288d756050">
        <dimensions>1</dimensions>
        <dimensions>1</dimensions>
        <isUsed>true</isUsed>
        <netSVCE>true</netSVCE>
        <numDimensions>2</numDimensions>
        <parameterName>kd</parameterName>
      </globalVariables>
      <globalVariables type="ModelRefInfoRepo.BuiltinParameter" uuid="9c5a2fb2-b70a-43fe-bd46-23a3ede3c2fc">
        <dimensions>1</dimensions>
        <dimensions>1</dimensions>
        <isUsed>true</isUsed>
        <netSVCE>true</netSVCE>
        <numDimensions>2</numDimensions>
        <parameterName>kdr</parameterName>
      </globalVariables>
      <globalVariables type="ModelRefInfoRepo.BuiltinParameter" uuid="f173cfcc-dab1-4261-8769-23b30c667b76">
        <dimensions>1</dimensions>
        <dimensions>1</dimensions>
        <isUsed>true</isUsed>
        <netSVCE>true</netSVCE>
        <numDimensions>2</numDimensions>
        <parameterName>kt</parameterName>
      </globalVariables>
      <globalVariables type="ModelRefInfoRepo.BuiltinParameter" uuid="17f02448-fe67-4772-ac26-23040819b9e6">
        <dimensions>1</dimensions>
        <dimensions>1</dimensions>
        <isUsed>true</isUsed>
        <netSVCE>true</netSVCE>
        <numDimensions>2</numDimensions>
        <parameterName>m</parameterName>
      </globalVariables>
    </interfaceParameterInfo>
    <messageInfo type="ModelRefInfoRepo.MessageInformation" uuid="6ad4b15b-5433-4aa1-b951-460a9818e37e"/>
    <methodInfo type="ModelRefInfoRepo.MethodExistenceInfo" uuid="b81e6e12-9375-43bc-b4c8-8b647ce4b80a"/>
    <periodicEventPortUnsupportedBlockInfo type="ModelRefInfoRepo.PeriodicEventPortUnsupportedBlockInfo" uuid="8da313be-5ed9-41ff-9728-a4f291ab8022"/>
    <portGroupsRequireSameRate type="ModelRefInfoRepo.PortGroupsRequireSameRate" uuid="921942c5-e6e8-4699-bcc0-6d9df66cb432">
      <DSMPortGroups type="ModelRefInfoRepo.NameToPortGroupIdxVectMap" uuid="aacf6456-0709-470d-bc16-c20b67c3151b"/>
      <GlobalDSMPortGroups type="ModelRefInfoRepo.NameToPortGroupIdxVectMap" uuid="0f798410-a1df-416b-8052-41600fa14f9d"/>
      <mergedPortGroups type="ModelRefInfoRepo.NameToPortGroupIdxVectMap" uuid="7e7c9c81-de06-4c6d-845d-25eff428b16f"/>
    </portGroupsRequireSameRate>
    <rateBasedMdlGlobalDSMRateSpec type="ModelRefInfoRepo.GlobalDSMRateSpecMap" uuid="678adca8-e3e7-4c7b-8d58-a52a527612d2"/>
    <rateSpecOfGlobalDSMAccessedByDescExpFcnMdlMap type="ModelRefInfoRepo.GlobalDSMRateSpecMap" uuid="1b820172-583c-4806-97ab-6e8c5d38e3c5"/>
    <rootBlockDiagramInterface type="ci.Model" uuid="7b45d654-e8a9-479e-89d9-56ef424076bc">
      <p_RootComponentInterface type="ci.ComponentInterface" uuid="1bbc8c94-8783-481b-b8c1-96b3d876f1dd">
        <p_InputPorts type="ci.SignalInterface" uuid="6c50e3db-d33a-4e34-8b25-bbaff46391b9">
          <p_ComputedNumericDimensions>4.0</p_ComputedNumericDimensions>
          <p_ComputedSampleTime>.001</p_ComputedSampleTime>
          <p_ComputedSampleTime>0.0</p_ComputedSampleTime>
          <p_Name>X</p_Name>
        </p_InputPorts>
        <p_InputPorts type="ci.SignalInterface" uuid="007b1387-cbeb-4c22-92d8-dd51fbdb2524">
          <p_ComputedNumericDimensions>4.0</p_ComputedNumericDimensions>
          <p_ComputedSampleTime>.001</p_ComputedSampleTime>
          <p_ComputedSampleTime>0.0</p_ComputedSampleTime>
          <p_Name>error</p_Name>
        </p_InputPorts>
        <p_Name>cart_pend_controller</p_Name>
        <p_Type>ROOT</p_Type>
      </p_RootComponentInterface>
    </rootBlockDiagramInterface>
    <simulinkFunctions type="ModelRefInfoRepo.SimulinkFunctions" uuid="ebbddbb0-5656-4c0a-9545-69ca649bbe14">
      <compSimulinkFunctionCatalog></compSimulinkFunctionCatalog>
    </simulinkFunctions>
    <sltpContext type="sltp.mm.core.Context" uuid="96d8e9e4-6e84-48a4-adcf-143571a8c5df">
      <globalData type="sltp.mm.core.GlobalData" uuid="3498d781-2ba8-4a58-9d68-71f8f9c1a543">
        <dataName>portX</dataName>
        <type>RootInport</type>
      </globalData>
      <globalData type="sltp.mm.core.GlobalData" uuid="72c96c4b-fc81-4741-a052-e3c2634a2418">
        <dataName>portaccel</dataName>
        <type>RootOutport</type>
      </globalData>
      <globalData type="sltp.mm.core.GlobalData" uuid="a9601a23-c225-434e-ad54-f534367bf1df">
        <dataName>porte</dataName>
        <type>RootInport</type>
      </globalData>
      <globalData type="sltp.mm.core.GlobalData" uuid="f9e4d451-d389-429f-94ec-04e11f8a15d2">
        <dataName>porterror</dataName>
        <type>RootInport</type>
      </globalData>
      <defaultEventBehavior type="sltp.mm.core.EventBehavior" uuid="c5962fff-06c0-4281-a829-d64a71f033e0"/>
      <editorState type="sltp.mm.core.EditorState" uuid="c10c48b9-050a-4c2e-9625-e1abca4feaad">
        <isSynchronized>true</isSynchronized>
        <panelState type="sltp.mm.core.EditorPanelState" uuid="5201ec29-d860-4a9c-91ad-6517356a39e8"/>
      </editorState>
      <rootTask type="sltp.mm.core.Task" uuid="3bf5ad33-649b-4f4c-bac1-a53667d2983a">
        <context type="sltp.mm.core.Context" uuid="96d8e9e4-6e84-48a4-adcf-143571a8c5df"/>
        <explicit>false</explicit>
        <name>Default</name>
        <priority>-2147483648</priority>
        <subgraph type="sltp.mm.core.Graph" uuid="15172ee8-d2cf-4511-94db-ce2bd6113b18">
          <tasks type="sltp.mm.core.Task" uuid="091a3984-0620-4b26-87eb-217aa36835cc">
            <context type="sltp.mm.core.Context" uuid="96d8e9e4-6e84-48a4-adcf-143571a8c5df"/>
            <explicit>false</explicit>
            <id>1</id>
            <isTimed>true</isTimed>
            <name>D1</name>
            <priority>40</priority>
            <rates type="sltp.mm.core.Rate" uuid="eb6c6978-dbe0-4b96-987e-646a2014d8f3">
              <annotation>D1</annotation>
              <color>-12240129</color>
              <hasBlocks>true</hasBlocks>
              <identifier>ClassicPeriodicDiscrete0.0010</identifier>
              <rateIndex>0</rateIndex>
              <rateSpec type="sltp.mm.core.RateSpec">
                <period>.001</period>
              </rateSpec>
              <sti>0</sti>
            </rates>
          </tasks>
        </subgraph>
      </rootTask>
    </sltpContext>
    <stateWriterToOwnerMap type="ModelRefInfoRepo.StateWriterInfo" uuid="1c924b42-f80b-4e42-8cbf-bcb30832c78f"/>
    <stoClientDataRegistry type="sto.ClientDataRegistry" uuid="df41ec1b-3906-487a-8319-e10ec13ba30b">
      <dataSets type="sto.ClientClockNamedDataSet" uuid="915987a6-70c1-4d01-a01b-b5a179fd0a2e">
        <tag>sltpEvents</tag>
      </dataSets>
      <dataSets type="sto.ClientTaskHierarchyElementNamedDataSet" uuid="c4ef9a76-e9e1-49b4-a43a-7273a809d0c5">
        <tag>sltpTaskGroups</tag>
      </dataSets>
      <dataSets type="sto.ClientTaskHierarchyElementNamedDataSet" uuid="5fb0ec92-d8b1-43f9-8b98-57ae87647c06">
        <dSet type="ModelRefInfoRepo.SltpTaskData" uuid="29d4359a-4aad-4b23-830b-da92bcf23a82"/>
        <tSet type="ModelRefInfoRepo.SltpTaskData" uuid="29d4359a-4aad-4b23-830b-da92bcf23a82">
          <dataName>D1</dataName>
          <linkedSet type="sto.ClientTaskHierarchyElementNamedDataSet" uuid="5fb0ec92-d8b1-43f9-8b98-57ae87647c06"/>
          <id type="sto.TaskHierarchyElementId">
            <clockId>cart_pend_controller::defaultTimer</clockId>
            <id>_task0</id>
          </id>
        </tSet>
        <tag>sltpTasks</tag>
      </dataSets>
    </stoClientDataRegistry>
    <varTsUIDMap type="ModelRefInfoRepo.VarTsUIDMap" uuid="3a63630f-ea4b-4171-87c8-5a883b4b8b46"/>
  </ModelRefInfoRepo.ModelRefInfoRoot>
</MF0>